<?xml version="1.0" encoding="UTF-8"?>
<beans xmlns="http://www.springframework.org/schema/beans"
    xmlns:xsi="http://www.w3.org/2001/XMLSchema-instance"
    xsi:schemaLocation="
        http://www.springframework.org/schema/beans http://www.springframework.org/schema/beans/spring-beans.xsd">

    <bean name="app" class="com.cg.TenthQuestion.Application">
    <property name = "questionId" value = "1"></property>
    <property name = "question" value = " what is your name??"></property>
    <property name = "answers" value = "My name is john "></property>
    
    </bean>
  
</beans>